{
  "id": "2012513",
  "name": "8.18",
  "font_family": "iconfont",
  "css_prefix_text": "icon-",
  "description": "",
  "glyphs": [
    {
      "icon_id": "5334168",
      "name": "箭头",
      "font_class": "jiantou",
      "unicode": "e618",
      "unicode_decimal": 58904
    },
    {
      "icon_id": "774402",
      "name": "搜索",
      "font_class": "sousuo",
      "unicode": "e632",
      "unicode_decimal": 58930
    },
    {
      "icon_id": "1277688",
      "name": "购物车",
      "font_class": "gouwuche",
      "unicode": "e64f",
      "unicode_decimal": 58959
    }
  ]
}
